run_id,source,dataset,url,extracted_at_utc,status,http_status,row_count,bytes,sha256,local_path,message
20261007T050603Z,DfT STATS19,collision_2023,https://data.dft.gov.uk/road-accidents-safety-data/dft-road-casualty-statistics-collision-2023.csv,2026-10-07T05:06:05+00:00,CACHED,,104258,19790001,0c01d4194b4e4c5e1b242a43c633bc30e22cf16e8becca698e63a37f71410cfa,raw\stats19\20261007T050603Z\dft-road-casualty-statistics-collision-2023.csv,re-used 20261007T050331Z/dft-road-casualty-statistics-collision-2023.csv
20261007T050603Z,DfT STATS19,vehicle_2023,https://data.dft.gov.uk/road-accidents-safety-data/dft-road-casualty-statistics-vehicle-2023.csv,2026-10-07T05:06:06+00:00,CACHED,,189815,20914478,9beafb1831cc611bcc0337eddaeb8b1cbdf03440df3be12d187ef34174c9ff3e,raw\stats19\20261007T050603Z\dft-road-casualty-statistics-vehicle-2023.csv,re-used 20261007T050331Z/dft-road-casualty-statistics-vehicle-2023.csv
20261007T050603Z,DfT STATS19,casualty_2023,https://data.dft.gov.uk/road-accidents-safety-data/dft-road-casualty-statistics-casualty-2023.csv,2026-10-07T05:06:06+00:00,CACHED,,132977,11012867,83e509384d877535bcd566772d029a1408568114fe51a5ed66c89b677b94a46e,raw\stats19\20261007T050603Z\dft-road-casualty-statistics-casualty-2023.csv,re-used 20261007T050331Z/dft-road-casualty-statistics-casualty-2023.csv
20261007T050603Z,DfT STATS19,collision_2024,https://data.dft.gov.uk/road-accidents-safety-data/dft-road-casualty-statistics-collision-2024.csv,2026-10-07T05:06:06+00:00,CACHED,,100927,19208488,32a78f4662e309160f37b1ea2b82017e85e07b62a022d680da7140e88706a17c,raw\stats19\20261007T050603Z\dft-road-casualty-statistics-collision-2024.csv,re-used 20261007T050331Z/dft-road-casualty-statistics-collision-2024.csv
20261007T050603Z,DfT STATS19,vehicle_2024,https://data.dft.gov.uk/road-accidents-safety-data/dft-road-casualty-statistics-vehicle-2024.csv,2026-10-07T05:06:06+00:00,CACHED,,183514,20296911,1a60f65f07a44454bc03c63b35d6741f41c9dfbb05a26753406aef8bff4ae6cd,raw\stats19\20261007T050603Z\dft-road-casualty-statistics-vehicle-2024.csv,re-used 20261007T050331Z/dft-road-casualty-statistics-vehicle-2024.csv
20261007T050603Z,DfT STATS19,casualty_2024,https://data.dft.gov.uk/road-accidents-safety-data/dft-road-casualty-statistics-casualty-2024.csv,2026-10-07T05:06:06+00:00,CACHED,,128272,10439101,838aad605a6ac638973f09248ef3a730dbd1de30ac8fc79dfd536e7d4a47b0f8,raw\stats19\20261007T050603Z\dft-road-casualty-statistics-casualty-2024.csv,re-used 20261007T050331Z/dft-road-casualty-statistics-casualty-2024.csv
20261007T050603Z,Open-Meteo,hourly_weather_2023,https://archive-api.open-meteo.com/v1/archive,2026-10-07T05:06:29+00:00,SUCCESS,200,8760,560556,898b0f31d009de0a1f276371cff91c94176ac5eefc2fcb8d2d6c7a5f08ef14a7,raw\weather\20261007T050603Z\cell_55.00_-1.00_2023.json,cell 55.00_-1.00
20261007T050603Z,Open-Meteo,hourly_weather_2023,https://archive-api.open-meteo.com/v1/archive,2026-10-07T05:06:29+00:00,SUCCESS,200,8760,559036,f61ee5088f4821e2c977f87b626eee15a2a98fb8dff091cd01dcf0b350ada5be,raw\weather\20261007T050603Z\cell_55.00_-2.00_2023.json,cell 55.00_-2.00
20261007T050603Z,Open-Meteo,hourly_weather_2023,https://archive-api.open-meteo.com/v1/archive,2026-10-07T05:06:29+00:00,SUCCESS,200,8760,559369,676de3d441ec0346a37930dfe080b02e84e549065314b82afc9d3628b0a73136,raw\weather\20261007T050603Z\cell_53.00_-3.00_2023.json,cell 53.00_-3.00
20261007T050603Z,Open-Meteo,hourly_weather_2023,https://archive-api.open-meteo.com/v1/archive,2026-10-07T05:06:29+00:00,SUCCESS,200,8760,561133,59e808f83facfd105b36d8f1825b20f1bec3a39eceb5169c637dc8df27372a11,raw\weather\20261007T050603Z\cell_54.00_-2.00_2023.json,cell 54.00_-2.00
20261007T050603Z,Open-Meteo,hourly_weather_2023,https://archive-api.open-meteo.com/v1/archive,2026-10-07T05:06:29+00:00,SUCCESS,200,8760,561177,dbd196f716a6b8e9e4dce6241099c1edb5ca5aeb7729309196870eb269dd4979,raw\weather\20261007T050603Z\cell_54.00_-3.00_2023.json,cell 54.00_-3.00
20261007T050603Z,Open-Meteo,hourly_weather_2023,https://archive-api.open-meteo.com/v1/archive,2026-10-07T05:06:29+00:00,SUCCESS,200,8760,560603,8b19c0392cf219900e3ae0aa5eb475bf21b74a6d0c267f1b7ca175e8d2b00571,raw\weather\20261007T050603Z\cell_54.00_0.00_2023.json,cell 54.00_0.00
20261007T050603Z,Open-Meteo,hourly_weather_2023,https://archive-api.open-meteo.com/v1/archive,2026-10-07T05:06:29+00:00,SUCCESS,200,8760,559225,507249622522e2b62c9d4af29f72dfc1c5c94131f85285e213e2bb5daac9e2ee,raw\weather\20261007T050603Z\cell_54.00_-1.00_2023.json,cell 54.00_-1.00
20261007T050603Z,Open-Meteo,hourly_weather_2023,https://archive-api.open-meteo.com/v1/archive,2026-10-07T05:06:29+00:00,SUCCESS,200,8760,559589,d32fd83915aaac2a4b6cd61d9921048c6c5ef4ed58406a53d7a70a7c31be0e64,raw\weather\20261007T050603Z\cell_53.00_-1.00_2023.json,cell 53.00_-1.00
20261007T050603Z,Open-Meteo,hourly_weather_2023,https://archive-api.open-meteo.com/v1/archive,2026-10-07T05:06:29+00:00,SUCCESS,200,8760,559576,6560f4b5d97a0269729ce3ddbc157b713c58263ec250a414f3eb46d22e0a4d58,raw\weather\20261007T050603Z\cell_52.00_-2.00_2023.json,cell 52.00_-2.00
20261007T050603Z,Open-Meteo,hourly_weather_2023,https://archive-api.open-meteo.com/v1/archive,2026-10-07T05:06:29+00:00,SUCCESS,200,8760,559617,fff68739fa140a46b739aa62a09486ecc77d58f3c6f8efb4648dafe2356abdbf,raw\weather\20261007T050603Z\cell_51.00_-3.00_2023.json,cell 51.00_-3.00
20261007T050603Z,Open-Meteo,hourly_weather_2023,https://archive-api.open-meteo.com/v1/archive,2026-10-07T05:07:08+00:00,SUCCESS,200,8760,559205,e53fd271712f3611dd29c59d59a80c16118d2ed95a09e75687af2742a7c4849a,raw\weather\20261007T050603Z\cell_52.00_-3.00_2023.json,cell 52.00_-3.00
20261007T050603Z,Open-Meteo,hourly_weather_2023,https://archive-api.open-meteo.com/v1/archive,2026-10-07T05:07:08+00:00,SUCCESS,200,8760,563210,e130a61adbd9d2a1c92a2fc4762acd5ec00cadb37308a20f8ce5951a2364b6a4,raw\weather\20261007T050603Z\cell_50.00_-4.00_2023.json,cell 50.00_-4.00
20261007T050603Z,Open-Meteo,hourly_weather_2023,https://archive-api.open-meteo.com/v1/archive,2026-10-07T05:07:08+00:00,SUCCESS,200,8760,559855,18afb0eff7ba16d0716afb920c3e9eb3fea297af65a6514446aca10040b58fcb,raw\weather\20261007T050603Z\cell_53.00_0.00_2023.json,cell 53.00_0.00
20261007T050603Z,Open-Meteo,hourly_weather_2023,https://archive-api.open-meteo.com/v1/archive,2026-10-07T05:07:08+00:00,SUCCESS,200,8760,560073,78905b35c3baefc79abda1e24c090afeef549b704db5db691da9a071daea8fec,raw\weather\20261007T050603Z\cell_52.00_0.00_2023.json,cell 52.00_0.00
20261007T050603Z,Open-Meteo,hourly_weather_2023,https://archive-api.open-meteo.com/v1/archive,2026-10-07T05:07:08+00:00,SUCCESS,200,8760,559135,f489d01ab030117de9262bed32cf598960512cefc41f828a8513414a43d10698,raw\weather\20261007T050603Z\cell_52.00_1.00_2023.json,cell 52.00_1.00
20261007T050603Z,Open-Meteo,hourly_weather_2023,https://archive-api.open-meteo.com/v1/archive,2026-10-07T05:07:08+00:00,SUCCESS,200,8760,559845,1f5aca5fc34d70745f77141b551464d4b17ef9a372081f2285484a79fa65603a,raw\weather\20261007T050603Z\cell_51.00_1.00_2023.json,cell 51.00_1.00
20261007T050603Z,Open-Meteo,hourly_weather_2023,https://archive-api.open-meteo.com/v1/archive,2026-10-07T05:07:08+00:00,SUCCESS,200,8760,560004,8da21ada3baadabafd3fc0db50880d666d61e742725637ca3d8b03e870deeb2a,raw\weather\20261007T050603Z\cell_51.00_-1.00_2023.json,cell 51.00_-1.00
20261007T050603Z,Open-Meteo,hourly_weather_2023,https://archive-api.open-meteo.com/v1/archive,2026-10-07T05:07:08+00:00,SUCCESS,200,8760,559554,d134aec8c22c0ef447efc9ce2c30ea087bc323bef4ebcdaaa5815a64c0567e21,raw\weather\20261007T050603Z\cell_52.00_-1.00_2023.json,cell 52.00_-1.00
20261007T050603Z,Open-Meteo,hourly_weather_2023,https://archive-api.open-meteo.com/v1/archive,2026-10-07T05:07:08+00:00,SUCCESS,200,8760,559508,f88e172bc77f04efc23f6aeee9fac9ff4565ce0d9d775b644dafaa12898d956c,raw\weather\20261007T050603Z\cell_51.00_0.00_2023.json,cell 51.00_0.00
20261007T050603Z,Open-Meteo,hourly_weather_2023,https://archive-api.open-meteo.com/v1/archive,2026-10-07T05:07:08+00:00,SUCCESS,200,8760,560084,e26b263bf2d543b50c658917ef1f7de2da976784db0c1f219329c06ad2b6b938,raw\weather\20261007T050603Z\cell_53.00_-2.00_2023.json,cell 53.00_-2.00
20261007T050603Z,Open-Meteo,hourly_weather_2023,https://archive-api.open-meteo.com/v1/archive,2026-10-07T05:07:49+00:00,SUCCESS,200,8760,563547,de09391fc3599e098d86124bcfcd8b478284844e12f954493fb98741b1e7b89b,raw\weather\20261007T050603Z\cell_50.00_-5.00_2023.json,cell 50.00_-5.00
20261007T050603Z,Open-Meteo,hourly_weather_2023,https://archive-api.open-meteo.com/v1/archive,2026-10-07T05:07:49+00:00,SUCCESS,200,8760,563911,d2ea8354be658fee603edd934913300ac4752b56c96a3b690f3aaba759e32a86,raw\weather\20261007T050603Z\cell_51.00_-5.00_2023.json,cell 51.00_-5.00
20261007T050603Z,Open-Meteo,hourly_weather_2023,https://archive-api.open-meteo.com/v1/archive,2026-10-07T05:07:49+00:00,SUCCESS,200,8760,560088,1f5d1d28c6a5934c8f1e94c897c70e412b777acc1adc09ee073ba924ee9ce69d,raw\weather\20261007T050603Z\cell_51.00_-2.00_2023.json,cell 51.00_-2.00
20261007T050603Z,Open-Meteo,hourly_weather_2023,https://archive-api.open-meteo.com/v1/archive,2026-10-07T05:07:49+00:00,SUCCESS,200,8760,559767,48cdc767798c5ce3d79c12fc7487170983efe3c6a8ce678f9f83216b7e1aefa7,raw\weather\20261007T050603Z\cell_55.00_-4.00_2023.json,cell 55.00_-4.00
20261007T050603Z,Open-Meteo,hourly_weather_2023,https://archive-api.open-meteo.com/v1/archive,2026-10-07T05:07:50+00:00,SUCCESS,200,8760,559081,fb0f69bd1b911d2b538aea4209480995ce15306c658792d5a99cd15139eed191,raw\weather\20261007T050603Z\cell_55.00_-3.00_2023.json,cell 55.00_-3.00
20261007T050603Z,Open-Meteo,hourly_weather_2023,https://archive-api.open-meteo.com/v1/archive,2026-10-07T05:07:50+00:00,SUCCESS,200,8760,561208,77a2f1c4b73f39cfd866f59a7abd208ce3a364480414225455d42360bbbceb85,raw\weather\20261007T050603Z\cell_51.00_-4.00_2023.json,cell 51.00_-4.00
20261007T050603Z,Open-Meteo,hourly_weather_2023,https://archive-api.open-meteo.com/v1/archive,2026-10-07T05:07:50+00:00,SUCCESS,200,8760,560412,628190801ba1341e0f027e707e816b8517b54fe4acf7502e91bbd05e91ac247e,raw\weather\20261007T050603Z\cell_53.00_2.00_2023.json,cell 53.00_2.00
20261007T050603Z,Open-Meteo,hourly_weather_2023,https://archive-api.open-meteo.com/v1/archive,2026-10-07T05:07:50+00:00,SUCCESS,200,8760,560453,23013df5b4e930c4d69f7d1595371e48609bc74b8ef78b22df2a899eccdf1677,raw\weather\20261007T050603Z\cell_53.00_1.00_2023.json,cell 53.00_1.00
20261007T050603Z,Open-Meteo,hourly_weather_2023,https://archive-api.open-meteo.com/v1/archive,2026-10-07T05:07:50+00:00,SUCCESS,200,8760,560133,827280c1c9f71699d29ddce19345b049a3820a7635a7763da6fe0c48bd8680c7,raw\weather\20261007T050603Z\cell_56.00_-4.00_2023.json,cell 56.00_-4.00
20261007T050603Z,Open-Meteo,hourly_weather_2023,https://archive-api.open-meteo.com/v1/archive,2026-10-07T05:07:50+00:00,SUCCESS,200,8760,560914,58bc795ce722d003b714e9e801f5c667e9b5e204f45278bb2253f2c09e323136,raw\weather\20261007T050603Z\cell_58.00_-2.00_2023.json,cell 58.00_-2.00
20261007T050603Z,Open-Meteo,hourly_weather_2023,https://archive-api.open-meteo.com/v1/archive,2026-10-07T05:08:25+00:00,SUCCESS,200,8760,559661,6d224fa6a308fe1b6251e0083260ec173dc45f22eceee925f2f525b88b37d83f,raw\weather\20261007T050603Z\cell_56.00_-3.00_2023.json,cell 56.00_-3.00
20261007T050603Z,Open-Meteo,hourly_weather_2023,https://archive-api.open-meteo.com/v1/archive,2026-10-07T05:08:25+00:00,SUCCESS,200,8760,560609,69aa3f6fb03fd0b6d25e7b0367a2b7a3dd821231f94ef60c6eaf6736259a0b41,raw\weather\20261007T050603Z\cell_56.00_-5.00_2023.json,cell 56.00_-5.00
20261007T050603Z,Open-Meteo,hourly_weather_2023,https://archive-api.open-meteo.com/v1/archive,2026-10-07T05:08:25+00:00,SUCCESS,200,8760,560663,000de090a8ca15d33bd4f2416ada5c6a085e1b0fb90c7ccd376c4526db3e2d61,raw\weather\20261007T050603Z\cell_57.00_-3.00_2023.json,cell 57.00_-3.00
20261007T050603Z,Open-Meteo,hourly_weather_2023,https://archive-api.open-meteo.com/v1/archive,2026-10-07T05:08:25+00:00,SUCCESS,200,8760,560418,387968b3fe29b51fbdadca6513f254df733bdf0e6da1a3f1413539196c0c147e,raw\weather\20261007T050603Z\cell_52.00_-4.00_2023.json,cell 52.00_-4.00
20261007T050603Z,Open-Meteo,hourly_weather_2023,https://archive-api.open-meteo.com/v1/archive,2026-10-07T05:08:25+00:00,SUCCESS,200,8760,558843,95b3ee44dfc1638a56e30cc0bd28520376400941d696788cdfdf26e012d50c5f,raw\weather\20261007T050603Z\cell_57.00_-2.00_2023.json,cell 57.00_-2.00
20261007T050603Z,Open-Meteo,hourly_weather_2023,https://archive-api.open-meteo.com/v1/archive,2026-10-07T05:08:25+00:00,SUCCESS,200,8760,563089,6f0a343459ea76c0afeb7fd94fe0964c30d261bef21658b10d38b70038575849,raw\weather\20261007T050603Z\cell_53.00_-4.00_2023.json,cell 53.00_-4.00
20261007T050603Z,Open-Meteo,hourly_weather_2023,https://archive-api.open-meteo.com/v1/archive,2026-10-07T05:08:25+00:00,SUCCESS,200,8760,560912,e820daf07810d2826bb6bc07519001e5ffae7a7449d5c02e610c6f382c81ed5f,raw\weather\20261007T050603Z\cell_52.00_2.00_2023.json,cell 52.00_2.00
20261007T050603Z,Open-Meteo,hourly_weather_2023,https://archive-api.open-meteo.com/v1/archive,2026-10-07T05:08:25+00:00,SUCCESS,200,8760,561321,be2032e1956091e7f26e4328df16ff25e170711d2a60faffdefc86150c6fa78b,raw\weather\20261007T050603Z\cell_55.00_-5.00_2023.json,cell 55.00_-5.00
20261007T050603Z,Open-Meteo,hourly_weather_2023,https://archive-api.open-meteo.com/v1/archive,2026-10-07T05:08:25+00:00,SUCCESS,200,8760,560891,b96822772ff7ef19d3c562c7b6eb36ece020b2a854346b605b523d70cdc0f3f2,raw\weather\20261007T050603Z\cell_59.00_-3.00_2023.json,cell 59.00_-3.00
20261007T050603Z,Open-Meteo,hourly_weather_2023,https://archive-api.open-meteo.com/v1/archive,2026-10-07T05:08:25+00:00,SUCCESS,200,8760,562349,1141ac3bd144c030335a5f5b814c899e5f4a06158471b1d3a8fd852ac239f803,raw\weather\20261007T050603Z\cell_52.00_-5.00_2023.json,cell 52.00_-5.00
20261007T050603Z,Open-Meteo,hourly_weather_2023,https://archive-api.open-meteo.com/v1/archive,2026-10-07T05:09:04+00:00,SUCCESS,200,8760,561587,41dbab61e77e66f6d7364356b384d0ab0218fb20b6da6abc34673f9b7f916109,raw\weather\20261007T050603Z\cell_57.00_-4.00_2023.json,cell 57.00_-4.00
20261007T050603Z,Open-Meteo,hourly_weather_2023,https://archive-api.open-meteo.com/v1/archive,2026-10-07T05:09:04+00:00,SUCCESS,200,8760,558877,6421f0cd5046d71c2a7c9353984513cf160880c7378c35a31cdbd432a47f519e,raw\weather\20261007T050603Z\cell_57.00_-5.00_2023.json,cell 57.00_-5.00
20261007T050603Z,Open-Meteo,hourly_weather_2023,https://archive-api.open-meteo.com/v1/archive,2026-10-07T05:09:05+00:00,SUCCESS,200,8760,560494,437dfd534bb7765bc941134ca71bf376032fe04e3c0edfd3cc43b03702cf0ec2,raw\weather\20261007T050603Z\cell_58.00_-3.00_2023.json,cell 58.00_-3.00
20261007T050603Z,Open-Meteo,hourly_weather_2023,https://archive-api.open-meteo.com/v1/archive,2026-10-07T05:09:05+00:00,SUCCESS,200,8760,561296,f283d1c3a60af21baa0e0e7e3bf729779999adb9aa0fa81dd5e93ff820b5ff8e,raw\weather\20261007T050603Z\cell_60.00_-1.00_2023.json,cell 60.00_-1.00
20261007T050603Z,Open-Meteo,hourly_weather_2023,https://archive-api.open-meteo.com/v1/archive,2026-10-07T05:09:05+00:00,SUCCESS,200,8760,561440,3487cd830868eaccf10334de62391f6e4946c3a1a296f5d42064ea40d4ff93b9,raw\weather\20261007T050603Z\cell_55.00_-6.00_2023.json,cell 55.00_-6.00
20261007T050603Z,Open-Meteo,hourly_weather_2023,https://archive-api.open-meteo.com/v1/archive,2026-10-07T05:09:05+00:00,SUCCESS,200,8760,560099,8983dca0bcc2ec191d404c8296657f03f9ae2980ba15d16fd59973576013c73f,raw\weather\20261007T050603Z\cell_56.00_-2.00_2023.json,cell 56.00_-2.00
20261007T050603Z,Open-Meteo,hourly_weather_2023,https://archive-api.open-meteo.com/v1/archive,2026-10-07T05:09:05+00:00,SUCCESS,200,8760,562852,c13eb3ab74866866f2dc923ad88667693ba86504f59b618c4e8e50ea3b0b201d,raw\weather\20261007T050603Z\cell_57.00_-7.00_2023.json,cell 57.00_-7.00
20261007T050603Z,Open-Meteo,hourly_weather_2023,https://archive-api.open-meteo.com/v1/archive,2026-10-07T05:09:05+00:00,SUCCESS,200,8760,564377,36c6aaea00cd2b3a2184a4fe24f3d3a48d1b2737feed1f4344f58fe901cd2bdf,raw\weather\20261007T050603Z\cell_50.00_-6.00_2023.json,cell 50.00_-6.00
20261007T050603Z,Open-Meteo,hourly_weather_2023,https://archive-api.open-meteo.com/v1/archive,2026-10-07T05:09:05+00:00,SUCCESS,200,8760,562500,415fd76c84fe73789101ed8502dfe519690f472285b4b3c286706d34a3925751,raw\weather\20261007T050603Z\cell_58.00_-6.00_2023.json,cell 58.00_-6.00
20261007T050603Z,Open-Meteo,hourly_weather_2023,https://archive-api.open-meteo.com/v1/archive,2026-10-07T05:09:05+00:00,SUCCESS,200,8760,558731,04f1149198d47af5576071a6c3efe161bca8e12f4660019568deaf550086dd53,raw\weather\20261007T050603Z\cell_58.00_-4.00_2023.json,cell 58.00_-4.00
20261007T050603Z,Open-Meteo,hourly_weather_2023,https://archive-api.open-meteo.com/v1/archive,2026-10-07T05:09:39+00:00,SUCCESS,200,8760,562328,e3e197e521536f37d65a1e8dcdd69b62ab872f57b503c5e47327cc7c4af77ffa,raw\weather\20261007T050603Z\cell_57.00_-6.00_2023.json,cell 57.00_-6.00
20261007T050603Z,Open-Meteo,hourly_weather_2023,https://archive-api.open-meteo.com/v1/archive,2026-10-07T05:09:39+00:00,SUCCESS,200,8760,562179,14e3ff0cd3ca21cae5aed10046783a4758eae4d400297fd3208f021061d90a26,raw\weather\20261007T050603Z\cell_54.00_-4.00_2023.json,cell 54.00_-4.00
20261007T050603Z,Open-Meteo,hourly_weather_2023,https://archive-api.open-meteo.com/v1/archive,2026-10-07T05:09:39+00:00,SUCCESS,200,8760,562594,4edc3db0fc090760fb71defb6971488bd966d382550cf47cb510d8814019e831,raw\weather\20261007T050603Z\cell_53.00_-5.00_2023.json,cell 53.00_-5.00
20261007T050603Z,Open-Meteo,hourly_weather_2023,https://archive-api.open-meteo.com/v1/archive,2026-10-07T05:09:40+00:00,SUCCESS,200,8760,561009,a7fdd191b5ce98343f290332f78869ff3adb613945cc348b030f5c73b0c00edf,raw\weather\20261007T050603Z\cell_58.00_-5.00_2023.json,cell 58.00_-5.00
20261007T050603Z,Open-Meteo,hourly_weather_2023,https://archive-api.open-meteo.com/v1/archive,2026-10-07T05:09:40+00:00,SUCCESS,200,8760,562068,49bc10d7525d34001ddd17cd5d6970aeff2b5a94583cbeebaa8c88a79948366b,raw\weather\20261007T050603Z\cell_56.00_-6.00_2023.json,cell 56.00_-6.00
20261007T050603Z,Open-Meteo,hourly_weather_2023,https://archive-api.open-meteo.com/v1/archive,2026-10-07T05:09:40+00:00,SUCCESS,200,8760,561401,894ebed89bca8c185669412c853a80278e305eb13cb97abda696ad6ff3859c1f,raw\weather\20261007T050603Z\cell_58.00_-7.00_2023.json,cell 58.00_-7.00
20261007T050603Z,Open-Meteo,hourly_weather_2023,https://archive-api.open-meteo.com/v1/archive,2026-10-07T05:09:40+00:00,SUCCESS,200,8760,562088,02059efac6d12d1c3401675767150472976f077974b4a79801e25c06f6e773e0,raw\weather\20261007T050603Z\cell_59.00_-4.00_2023.json,cell 59.00_-4.00
20261007T050603Z,Open-Meteo,hourly_weather_2023,https://archive-api.open-meteo.com/v1/archive,2026-10-07T05:09:40+00:00,SUCCESS,200,8760,562691,4fdd36e649c8c43d57a7e39f848b92a00b6814df7df132c46d203fbe5a404e17,raw\weather\20261007T050603Z\cell_59.00_-5.00_2023.json,cell 59.00_-5.00
20261007T050603Z,Open-Meteo,hourly_weather_2023,https://archive-api.open-meteo.com/v1/archive,2026-10-07T05:09:40+00:00,SUCCESS,200,8760,561576,e3481fe5cdc2f81088770ee46ffb560506278d91a2905d0abc2136a256419ed5,raw\weather\20261007T050603Z\cell_60.00_-2.00_2023.json,cell 60.00_-2.00
20261007T050603Z,Open-Meteo,hourly_weather_2024,https://archive-api.open-meteo.com/v1/archive,2026-10-07T05:10:11+00:00,SUCCESS,200,8784,562310,fb34b0214f63e5d6e92f4ecab58d878a504df864ad91a42927de9fbaf9621f01,raw\weather\20261007T050603Z\cell_55.00_-1.00_2024.json,cell 55.00_-1.00
20261007T050603Z,Open-Meteo,hourly_weather_2024,https://archive-api.open-meteo.com/v1/archive,2026-10-07T05:10:11+00:00,SUCCESS,200,8784,561899,cd595a73fb619ad4e29d6f530871228b6a2f481ed45983021a0d4696cc4333b0,raw\weather\20261007T050603Z\cell_52.00_0.00_2024.json,cell 52.00_0.00
20261007T050603Z,Open-Meteo,hourly_weather_2024,https://archive-api.open-meteo.com/v1/archive,2026-10-07T05:10:11+00:00,SUCCESS,200,8784,561187,a429a7fcc55635c4bf49ecee166f49a25ec19223365e742dfd72450170693125,raw\weather\20261007T050603Z\cell_54.00_-1.00_2024.json,cell 54.00_-1.00
20261007T050603Z,Open-Meteo,hourly_weather_2024,https://archive-api.open-meteo.com/v1/archive,2026-10-07T05:10:11+00:00,SUCCESS,200,8784,561645,1a5297cdc6bb83fdcfb0341c902eb11e02263c2c7fcdfee61215f5d486419c6d,raw\weather\20261007T050603Z\cell_51.00_0.00_2024.json,cell 51.00_0.00
20261007T050603Z,Open-Meteo,hourly_weather_2024,https://archive-api.open-meteo.com/v1/archive,2026-10-07T05:10:11+00:00,SUCCESS,200,8784,562104,2e3400ccef1fc6c77659f17a933a54d28b29a17730721f595f217e0a40e5c75e,raw\weather\20261007T050603Z\cell_51.00_-1.00_2024.json,cell 51.00_-1.00
20261007T050603Z,Open-Meteo,hourly_weather_2024,https://archive-api.open-meteo.com/v1/archive,2026-10-07T05:10:11+00:00,SUCCESS,200,8784,560918,f96f94f7a1a269f351c7aeef1849dad7665b9cfb0e0229e699a10dbc67e3602e,raw\weather\20261007T050603Z\cell_55.00_-3.00_2024.json,cell 55.00_-3.00
20261007T050603Z,Open-Meteo,hourly_weather_2024,https://archive-api.open-meteo.com/v1/archive,2026-10-07T05:10:12+00:00,SUCCESS,200,8784,560800,52109e9c869c7701f783ae610ac2ae92075236ddfb3e72e5261848a0a608e674,raw\weather\20261007T050603Z\cell_55.00_-2.00_2024.json,cell 55.00_-2.00
20261007T050603Z,Open-Meteo,hourly_weather_2024,https://archive-api.open-meteo.com/v1/archive,2026-10-07T05:10:12+00:00,SUCCESS,200,8784,562894,477129e0767aba1bb692863b8c4d28568d5098909f0ced03b1c719317d848be4,raw\weather\20261007T050603Z\cell_54.00_-3.00_2024.json,cell 54.00_-3.00
20261007T050603Z,Open-Meteo,hourly_weather_2024,https://archive-api.open-meteo.com/v1/archive,2026-10-07T05:10:12+00:00,SUCCESS,200,8784,561616,14a21281852de24064a3ebfb3d04d59085d56d0c93cd9a804e44357cc0268a04,raw\weather\20261007T050603Z\cell_55.00_-4.00_2024.json,cell 55.00_-4.00
20261007T050603Z,Open-Meteo,hourly_weather_2024,https://archive-api.open-meteo.com/v1/archive,2026-10-07T05:10:12+00:00,SUCCESS,200,8784,562429,f8e2810d1180ca9285b6fd17085e418410919ef40392031caec29d621c0b005f,raw\weather\20261007T050603Z\cell_54.00_-2.00_2024.json,cell 54.00_-2.00
20261007T050603Z,Open-Meteo,hourly_weather_2024,https://archive-api.open-meteo.com/v1/archive,2026-10-07T05:10:47+00:00,SUCCESS,200,8784,563688,a412b6b35a0876389bdc0558a926b1b49ee778df5f7a046588b108033d3d2287,raw\weather\20261007T050603Z\cell_54.00_-4.00_2024.json,cell 54.00_-4.00
20261007T050603Z,Open-Meteo,hourly_weather_2024,https://archive-api.open-meteo.com/v1/archive,2026-10-07T05:10:47+00:00,SUCCESS,200,8784,561494,cc74aead3829b5df4cfdf04ecbb3e7ea8c7d316ca7a76e346cdcb19c9d6a6802,raw\weather\20261007T050603Z\cell_53.00_-3.00_2024.json,cell 53.00_-3.00
20261007T050603Z,Open-Meteo,hourly_weather_2024,https://archive-api.open-meteo.com/v1/archive,2026-10-07T05:10:47+00:00,SUCCESS,200,8784,562372,3c07b88d40cad92f0c7a972999fce72141e7cf29ded8e657858cde4fa34c3359,raw\weather\20261007T050603Z\cell_53.00_-2.00_2024.json,cell 53.00_-2.00
20261007T050603Z,Open-Meteo,hourly_weather_2024,https://archive-api.open-meteo.com/v1/archive,2026-10-07T05:10:47+00:00,SUCCESS,200,8784,561948,2be61c82bf6a27311e567d3b571284e48386f53b1bd136827f55220942f13fbd,raw\weather\20261007T050603Z\cell_56.00_-2.00_2024.json,cell 56.00_-2.00
20261007T050603Z,Open-Meteo,hourly_weather_2024,https://archive-api.open-meteo.com/v1/archive,2026-10-07T05:10:47+00:00,SUCCESS,200,8784,562448,7c0bdf04a02ee6ecd99779aa9064d5d46fbbdf2838ac60e8b70b801913e772f5,raw\weather\20261007T050603Z\cell_54.00_0.00_2024.json,cell 54.00_0.00
20261007T050603Z,Open-Meteo,hourly_weather_2024,https://archive-api.open-meteo.com/v1/archive,2026-10-07T05:10:47+00:00,SUCCESS,200,8784,561668,0a9d854f189faa3dbaea425e205509a071b2750a5fa2fcd4dbcb6a98acc1fed5,raw\weather\20261007T050603Z\cell_53.00_-1.00_2024.json,cell 53.00_-1.00
20261007T050603Z,Open-Meteo,hourly_weather_2024,https://archive-api.open-meteo.com/v1/archive,2026-10-07T05:10:47+00:00,SUCCESS,200,8784,561625,4c954d2c4628282894b00ef5531fbf0d544359a80d1c5a745f0d17f98063bc1a,raw\weather\20261007T050603Z\cell_53.00_0.00_2024.json,cell 53.00_0.00
20261007T050603Z,Open-Meteo,hourly_weather_2024,https://archive-api.open-meteo.com/v1/archive,2026-10-07T05:10:47+00:00,SUCCESS,200,8784,561648,a6a01bd8916857c8bb7ef0e4330a68557926b28c6879704c1e69789b7eaac8e7,raw\weather\20261007T050603Z\cell_52.00_-2.00_2024.json,cell 52.00_-2.00
20261007T050603Z,Open-Meteo,hourly_weather_2024,https://archive-api.open-meteo.com/v1/archive,2026-10-07T05:10:47+00:00,SUCCESS,200,8784,561579,8cfe899550d72841a3ea961b2197af3df013e35a3c7f44342d337a44e8d613ec,raw\weather\20261007T050603Z\cell_52.00_-1.00_2024.json,cell 52.00_-1.00
20261007T050603Z,Open-Meteo,hourly_weather_2024,https://archive-api.open-meteo.com/v1/archive,2026-10-07T05:10:47+00:00,SUCCESS,200,8784,560598,cb28852e01cffce1ba37bc1b097e076e1da75135c1975d545507ff92cb59cbca,raw\weather\20261007T050603Z\cell_52.00_-3.00_2024.json,cell 52.00_-3.00
20261007T050603Z,Open-Meteo,hourly_weather_2024,https://archive-api.open-meteo.com/v1/archive,2026-10-07T05:11:23+00:00,SUCCESS,200,8784,563111,99559fc0b07bdbfe569918d0b0b0c6d6c53a3fb8c21109f6ea9b7c2570601a49,raw\weather\20261007T050603Z\cell_52.00_2.00_2024.json,cell 52.00_2.00
20261007T050603Z,Open-Meteo,hourly_weather_2024,https://archive-api.open-meteo.com/v1/archive,2026-10-07T05:11:23+00:00,SUCCESS,200,8784,562487,1310412a045419c2a114caed30322a4a3c4ce86f40487432db2f2a80587d8768,raw\weather\20261007T050603Z\cell_53.00_2.00_2024.json,cell 53.00_2.00
20261007T050603Z,Open-Meteo,hourly_weather_2024,https://archive-api.open-meteo.com/v1/archive,2026-10-07T05:11:23+00:00,SUCCESS,200,8784,561131,c0620c827224d47f8c84dea48bfee7950da62b457231505eb5431cc44d016213,raw\weather\20261007T050603Z\cell_52.00_1.00_2024.json,cell 52.00_1.00
20261007T050603Z,Open-Meteo,hourly_weather_2024,https://archive-api.open-meteo.com/v1/archive,2026-10-07T05:11:23+00:00,SUCCESS,200,8784,562290,4f781f73407825dce09a2098e5488b1942aafa9ce0e441fae6d86885b4f0a411,raw\weather\20261007T050603Z\cell_53.00_1.00_2024.json,cell 53.00_1.00
20261007T050603Z,Open-Meteo,hourly_weather_2024,https://archive-api.open-meteo.com/v1/archive,2026-10-07T05:11:23+00:00,SUCCESS,200,8784,561952,f7b95ee048d287a0dd58e5bfd5983ee8e8235756ec02973a758e0b0c61367a3e,raw\weather\20261007T050603Z\cell_51.00_-2.00_2024.json,cell 51.00_-2.00
20261007T050603Z,Open-Meteo,hourly_weather_2024,https://archive-api.open-meteo.com/v1/archive,2026-10-07T05:11:23+00:00,SUCCESS,200,8784,561829,5afb84017fa6d8cfd63edd7605cef5f77c9b0cffc4d27c7fbf50aba1805f61e1,raw\weather\20261007T050603Z\cell_51.00_1.00_2024.json,cell 51.00_1.00
20261007T050603Z,Open-Meteo,hourly_weather_2024,https://archive-api.open-meteo.com/v1/archive,2026-10-07T05:11:23+00:00,SUCCESS,200,8784,565503,661b3c38a754377c4eedcf238e45fd3c965fb2327039409c5cea6d87503fa1b1,raw\weather\20261007T050603Z\cell_50.00_-4.00_2024.json,cell 50.00_-4.00
20261007T050603Z,Open-Meteo,hourly_weather_2024,https://archive-api.open-meteo.com/v1/archive,2026-10-07T05:11:23+00:00,SUCCESS,200,8784,565473,69b42bf55de2a3571c9ecde4ad6024429545f8574b6e1e9839c115a162cff029,raw\weather\20261007T050603Z\cell_50.00_-5.00_2024.json,cell 50.00_-5.00
20261007T050603Z,Open-Meteo,hourly_weather_2024,https://archive-api.open-meteo.com/v1/archive,2026-10-07T05:11:23+00:00,SUCCESS,200,8784,562936,d415d5e61373e02279f33a8ac36128a2e41a6028465fa2e0afea4a8c7aceea6f,raw\weather\20261007T050603Z\cell_51.00_-4.00_2024.json,cell 51.00_-4.00
20261007T050603Z,Open-Meteo,hourly_weather_2024,https://archive-api.open-meteo.com/v1/archive,2026-10-07T05:11:23+00:00,SUCCESS,200,8784,561442,94a8d58ff705073e8ee73568dd7103cd9089910afc35b368bbc9a249d5203d12,raw\weather\20261007T050603Z\cell_51.00_-3.00_2024.json,cell 51.00_-3.00
20261007T050603Z,Open-Meteo,hourly_weather_2024,https://archive-api.open-meteo.com/v1/archive,2026-10-07T05:11:58+00:00,SUCCESS,200,8784,566407,bee7470613eee638a02fa2dbeaaf3659af27cccb4e0b36dbb4fe01e0b6d85124,raw\weather\20261007T050603Z\cell_50.00_-6.00_2024.json,cell 50.00_-6.00
20261007T050603Z,Open-Meteo,hourly_weather_2024,https://archive-api.open-meteo.com/v1/archive,2026-10-07T05:11:58+00:00,SUCCESS,200,8784,565738,92ab2237f24bcc37c45e0e21bf8ba97b7200c9c033be2d5eadf3130ae9ae6555,raw\weather\20261007T050603Z\cell_51.00_-5.00_2024.json,cell 51.00_-5.00
20261007T050603Z,Open-Meteo,hourly_weather_2024,https://archive-api.open-meteo.com/v1/archive,2026-10-07T05:11:58+00:00,SUCCESS,200,8784,565162,9fcf6f2afdadc83c1d558c27921ffdb7fee6569a109c34c6f238f9b6eb6ea74b,raw\weather\20261007T050603Z\cell_50.00_-3.00_2024.json,cell 50.00_-3.00
20261007T050603Z,Open-Meteo,hourly_weather_2024,https://archive-api.open-meteo.com/v1/archive,2026-10-07T05:11:58+00:00,SUCCESS,200,8784,564160,59c389fc01aec7e82b3677f1a6cdfd938bc80c492b9d645d33f385abfb47676f,raw\weather\20261007T050603Z\cell_53.00_-4.00_2024.json,cell 53.00_-4.00
20261007T050603Z,Open-Meteo,hourly_weather_2024,https://archive-api.open-meteo.com/v1/archive,2026-10-07T05:11:58+00:00,SUCCESS,200,8784,564384,542d95cf3a4222543036e13cae9d846c72ff99e59e2d841581fb6038a9fa789b,raw\weather\20261007T050603Z\cell_53.00_-5.00_2024.json,cell 53.00_-5.00
20261007T050603Z,Open-Meteo,hourly_weather_2024,https://archive-api.open-meteo.com/v1/archive,2026-10-07T05:11:58+00:00,SUCCESS,200,8784,562072,d69caff4cf5ddc9e265964b698807c0341eaf2e3f3375bc127a0d2e3e0ad3314,raw\weather\20261007T050603Z\cell_52.00_-4.00_2024.json,cell 52.00_-4.00
20261007T050603Z,Open-Meteo,hourly_weather_2024,https://archive-api.open-meteo.com/v1/archive,2026-10-07T05:11:58+00:00,SUCCESS,200,8784,564157,854cc289fb1a02654d0122cfb31bc782d93de8417f572aa33a10d741ec94b40f,raw\weather\20261007T050603Z\cell_52.00_-5.00_2024.json,cell 52.00_-5.00
20261007T050603Z,Open-Meteo,hourly_weather_2024,https://archive-api.open-meteo.com/v1/archive,2026-10-07T05:11:58+00:00,SUCCESS,200,8784,561961,22289c4f7a712db2f97b7794b84f76919e2222f4e5516522a498053b0824ce2b,raw\weather\20261007T050603Z\cell_56.00_-4.00_2024.json,cell 56.00_-4.00
20261007T050603Z,Open-Meteo,hourly_weather_2024,https://archive-api.open-meteo.com/v1/archive,2026-10-07T05:11:58+00:00,SUCCESS,200,8784,562596,4c276e327f244547eb0ba51c8050f6b470d22a763f16da1d3e8e287524337e97,raw\weather\20261007T050603Z\cell_56.00_-5.00_2024.json,cell 56.00_-5.00
20261007T050603Z,Open-Meteo,hourly_weather_2024,https://archive-api.open-meteo.com/v1/archive,2026-10-07T05:11:58+00:00,SUCCESS,200,8784,561510,86d638a4b247468335ff0a178902c7b3fdda2f9b2bee139a23fb70376000c473,raw\weather\20261007T050603Z\cell_57.00_-2.00_2024.json,cell 57.00_-2.00
20261007T050603Z,Open-Meteo,hourly_weather_2024,https://archive-api.open-meteo.com/v1/archive,2026-10-07T05:12:34+00:00,SUCCESS,200,8784,561583,e47ceaab88b08316a7c42322ab6d0cd5d247a0acfdfb3315d65c2d85de5eb395,raw\weather\20261007T050603Z\cell_56.00_-3.00_2024.json,cell 56.00_-3.00
20261007T050603Z,Open-Meteo,hourly_weather_2024,https://archive-api.open-meteo.com/v1/archive,2026-10-07T05:12:34+00:00,SUCCESS,200,8784,562418,d0a9a7a6c1a846b363b3a109c6653d2b5e71d06ea95cea25980cf78eeab6f2a0,raw\weather\20261007T050603Z\cell_57.00_-3.00_2024.json,cell 57.00_-3.00
20261007T050603Z,Open-Meteo,hourly_weather_2024,https://archive-api.open-meteo.com/v1/archive,2026-10-07T05:12:34+00:00,SUCCESS,200,8784,560995,791747cfa7f7778b02ea2fbd71ab5bcaadb8000d6f06628fd9a4b8e73f39aa0f,raw\weather\20261007T050603Z\cell_58.00_-4.00_2024.json,cell 58.00_-4.00
20261007T050603Z,Open-Meteo,hourly_weather_2024,https://archive-api.open-meteo.com/v1/archive,2026-10-07T05:12:34+00:00,SUCCESS,200,8784,563339,ef4f61c60da022be042c53903ac64b453dd7b1fbf10c2eb3c9156157f04cf6b1,raw\weather\20261007T050603Z\cell_57.00_-4.00_2024.json,cell 57.00_-4.00
20261007T050603Z,Open-Meteo,hourly_weather_2024,https://archive-api.open-meteo.com/v1/archive,2026-10-07T05:12:34+00:00,SUCCESS,200,8784,565069,89ec1c4a45b1f7ba259961c22ee0bf4cc038974fab78410ff0a82f2128b2d547,raw\weather\20261007T050603Z\cell_57.00_-6.00_2024.json,cell 57.00_-6.00
20261007T050603Z,Open-Meteo,hourly_weather_2024,https://archive-api.open-meteo.com/v1/archive,2026-10-07T05:12:34+00:00,SUCCESS,200,8784,561224,387a64089d333d83150f34c9ecec0a0e21fa0898d772ddbd5a6fc1bcdd01a1f4,raw\weather\20261007T050603Z\cell_57.00_-5.00_2024.json,cell 57.00_-5.00
20261007T050603Z,Open-Meteo,hourly_weather_2024,https://archive-api.open-meteo.com/v1/archive,2026-10-07T05:12:34+00:00,SUCCESS,200,8784,563574,01f0610d42ee0873698f5a7bb8a93f3462766dab1be487ea0c0c1c4831d7c13e,raw\weather\20261007T050603Z\cell_58.00_-2.00_2024.json,cell 58.00_-2.00
20261007T050603Z,Open-Meteo,hourly_weather_2024,https://archive-api.open-meteo.com/v1/archive,2026-10-07T05:12:34+00:00,SUCCESS,200,8784,562763,a2ebcaa39d4114eb6a9f80c7c033ec39443292183f400072d4c0166e2cb225bc,raw\weather\20261007T050603Z\cell_55.00_-5.00_2024.json,cell 55.00_-5.00
20261007T050603Z,Open-Meteo,hourly_weather_2024,https://archive-api.open-meteo.com/v1/archive,2026-10-07T05:12:34+00:00,SUCCESS,200,8784,564010,2a0c78f4c01b8780701f48d676c09e4a1edfb41fc0a7439089a2c24f329cf9a3,raw\weather\20261007T050603Z\cell_58.00_-7.00_2024.json,cell 58.00_-7.00
20261007T050603Z,Open-Meteo,hourly_weather_2024,https://archive-api.open-meteo.com/v1/archive,2026-10-07T05:12:34+00:00,SUCCESS,200,8784,563001,1b93b5983c6e05de523b199c824de62cde653b97d83568c6e1f473049ed33cd6,raw\weather\20261007T050603Z\cell_58.00_-3.00_2024.json,cell 58.00_-3.00
20261007T050603Z,Open-Meteo,hourly_weather_2024,https://archive-api.open-meteo.com/v1/archive,2026-10-07T05:13:09+00:00,SUCCESS,200,8784,563959,c1af37c879dd5e0b483d2c7525a6311b9e52372f4156399c15881f36b2a4e9c6,raw\weather\20261007T050603Z\cell_56.00_-6.00_2024.json,cell 56.00_-6.00
20261007T050603Z,Open-Meteo,hourly_weather_2024,https://archive-api.open-meteo.com/v1/archive,2026-10-07T05:13:09+00:00,SUCCESS,200,8784,564214,25344373e9da2d3805aaed794392bed677f2b25b076ba5a0df6c3ea156b7e51b,raw\weather\20261007T050603Z\cell_59.00_-3.00_2024.json,cell 59.00_-3.00
20261007T050603Z,Open-Meteo,hourly_weather_2024,https://archive-api.open-meteo.com/v1/archive,2026-10-07T05:13:09+00:00,SUCCESS,200,8784,562944,3eaef1ab2c451e3cffa9722da2a7dda1a036c4a2f1b89e6eafe503307a1c7964,raw\weather\20261007T050603Z\cell_55.00_-6.00_2024.json,cell 55.00_-6.00
20261007T050603Z,Open-Meteo,hourly_weather_2024,https://archive-api.open-meteo.com/v1/archive,2026-10-07T05:13:09+00:00,SUCCESS,200,8784,562992,4da136c9a65c9d1c637957568ab45da7bcbe589b2223f07a4d6654c6fe1c4679,raw\weather\20261007T050603Z\cell_58.00_-5.00_2024.json,cell 58.00_-5.00
20261007T050603Z,Open-Meteo,hourly_weather_2024,https://archive-api.open-meteo.com/v1/archive,2026-10-07T05:13:09+00:00,SUCCESS,200,8784,565144,5fb8b5c90d359881f3ab996685653462dbcc07da32c59adfcb30524be57e5a56,raw\weather\20261007T050603Z\cell_58.00_-6.00_2024.json,cell 58.00_-6.00
20261007T050603Z,Open-Meteo,hourly_weather_2024,https://archive-api.open-meteo.com/v1/archive,2026-10-07T05:13:09+00:00,SUCCESS,200,8784,564519,3e4852562850b7649af8c114de748596a73c2828bc5fb4b14dd9edc27986a0be,raw\weather\20261007T050603Z\cell_60.00_-1.00_2024.json,cell 60.00_-1.00
20261007T050603Z,Open-Meteo,hourly_weather_2024,https://archive-api.open-meteo.com/v1/archive,2026-10-07T05:13:09+00:00,SUCCESS,200,8784,565158,11e3e5ae49a17777367d435252fc9078fd26e2d5364346ddc4bbbf65ad0f019c,raw\weather\20261007T050603Z\cell_57.00_-7.00_2024.json,cell 57.00_-7.00
20261007T050603Z,Open-Meteo,hourly_weather_2024,https://archive-api.open-meteo.com/v1/archive,2026-10-07T05:13:09+00:00,SUCCESS,200,8784,565475,6c2389960e527dc2c62b1d0073d20f2d9ec05a6c41be0370abc9372d36b2c1a2,raw\weather\20261007T050603Z\cell_59.00_-4.00_2024.json,cell 59.00_-4.00
